image,xmin,ymin,xmax,ymax,label
103.jpg,510.8426132860666,72.77960526315789,510.8426132860666,72.77960526315789,pus
103.jpg,545.5651780209616,58.04277118883635,545.5651780209616,58.04277118883635,pus
103.jpg,536.0953876387176,100.1480423776727,536.0953876387176,100.1480423776727,pus
103.jpg,567.6613555795315,198.04277921977797,567.6613555795315,198.04277921977797,pus
103.jpg,551.8783716091245,135.9375,551.8783716091245,135.9375,pus
103.jpg,336.61091336872585,188.70137299771167,336.61091336872585,188.70137299771167,ep
103.jpg,354.18275418275414,382.0194675611413,354.18275418275414,382.0194675611413,ep
103.jpg,422.2737190315315,306.2299938769308,422.2737190315315,306.2299938769308,ep
103.jpg,1199.8284668597169,391.9050510851688,1199.8284668597169,391.9050510851688,pus
103.jpg,1228.3827018983268,368.83868952910467,1228.3827018983268,368.83868952910467,pus
118.jpg,1123.2223913378546,573.8322529039885,1123.2223913378546,573.8322529039885,pus
118.jpg,1070.6124768803945,532.7796213250411,1070.6124768803945,532.7796213250411,pus
118.jpg,1060.0904554562267,561.1743585686935,1060.0904554562267,562.2796048616109,pus
126.jpg,969.1978362290861,65.68079479226259,969.1978362290861,65.68079479226259,ep
126.jpg,1010.9309644465895,111.81351790439074,1010.9309644465895,111.81351790439074,ep
14.jpg,990.6453259864365,234.8849005448191,990.6453259864365,234.8849005448191,pus
14.jpg,950.6617987053021,216.9901476408306,950.6617987053021,216.9901476408306,pus
164.jpg,914.8870029284834,48.56908697831003,914.8870029284834,48.56908697831003,pus
164.jpg,896.9996532059187,85.41118421052632,896.9996532059187,85.41118421052632,pus
164.jpg,481.38101109741064,683.305953176398,481.38101109741064,683.305953176398,pus
164.jpg,472.96345175709,560.1480584395559,472.96345175709,560.1480584395559,pus
164.jpg,557.1393341553637,542.2533055355674,557.1393341553637,542.2533055355674,pus
164.jpg,510.8426132860666,620.1480584395559,510.8426132860666,620.1480584395559,pus
164.jpg,511.23129826254825,578.6327566325801,511.23129826254825,578.6327566325801,pus
171.jpg,488.74643572749693,674.8849326685855,488.74643572749693,674.8849326685855,pus
171.jpg,513.9992100801479,622.2532894736843,513.9992100801479,622.2532894736843,pus
171.jpg,472.96345175709,554.8848844829358,472.96345175709,554.8848844829358,pus
171.jpg,511.89484432799014,546.4638157894736,511.89484432799014,546.4638157894736,pus
171.jpg,560.2959309494452,627.516511615954,560.2959309494452,627.516511615954,pus
171.jpg,570.8179523736128,549.6217105263158,570.8179523736128,549.6217105263158,pus
171.jpg,896.9996532059187,83.30592908357319,896.9996532059187,83.30592908357319,pus
171.jpg,914.8870029284834,48.56908697831003,914.8870029284834,48.56908697831003,pus
171.jpg,1132.8357263513512,250.21168724077518,1132.8357263513512,250.21168724077518,pus
171.jpg,1156.9970640283138,215.0629290617849,1156.9970640283138,215.0629290617849,pus
171.jpg,1191.0424710424709,190.8981860966104,1191.0424710424709,190.8981860966104,pus
171.jpg,544.1785312097812,583.0263325496996,544.1785312097812,583.0263325496996,pus
173.jpg,919.0958307644883,358.0427952816612,919.0958307644883,358.0427952816612,ep
173.jpg,829.658889488286,430.67437422902964,829.658889488286,430.67437422902964,ep
173.jpg,1034.8376811035757,327.51646343030427,1034.8376811035757,327.51646343030427,ep
173.jpg,433.4391534391534,184.0235294117647,433.4391534391534,184.0235294117647,ep
173.jpg,431.1816922949735,85.76470588235294,431.1816922949735,85.76470588235294,ep
173.jpg,632.0988343253968,204.35294117647058,632.0988343253968,204.35294117647058,ep
173.jpg,314.86419710028105,244.9835285500919,317.23458555514213,246.16944709329042,ep
180.jpg,974.8623420160296,106.46383185135691,974.8623420160296,106.46383185135691,pus
180.jpg,802.3017493834772,556.9901637027139,802.3017493834772,556.9901637027139,ep
180.jpg,891.7385943279902,662.2533537212171,891.7385943279902,662.2533537212171,ep
180.jpg,722.3345984895191,592.7796695106908,722.3345984895191,592.7796695106908,ep
180.jpg,791.7797279593095,700.1480905633224,791.7797279593095,700.1480905633224,ep
180.jpg,1177.2840195105819,683.2235638786765,1177.2840195105819,683.2235638786765,ep
180.jpg,1072.310474537037,459.6000344669118,1072.310474537037,459.6000344669118,ep
180.jpg,991.0406332671957,572.5411937040441,991.0406332671957,572.5411937040441,ep
180.jpg,611.7813740079365,400.8705882352941,611.7813740079365,400.8705882352941,ep
180.jpg,721.2698412698412,447.1764878216912,721.2698412698412,447.1764878216912,ep
180.jpg,689.6649718915344,293.57650505514704,689.6649718915344,293.57650505514704,ep
180.jpg,861.2346023478835,249.52944623161764,861.2346023478835,249.52944623161764,ep
180.jpg,589.2063492063492,138.8470760569853,589.2063492063492,138.8470760569853,ep
180.jpg,842.0459242724867,400.8705882352941,842.0459242724867,400.8705882352941,ep
180.jpg,1002.3280423280423,147.8823615579044,1002.3280423280423,147.8823615579044,pus
180.jpg,500.03534226190476,534.1412109375,500.03534226190476,534.1412109375,pus
180.jpg,478.56088014632934,486.7059168198529,479.74610150049597,486.7059168198529,pus
186.jpg,1220.6949806949806,565.4519786005435,1220.6949806949806,565.4519786005435,pus
186.jpg,1180.0601270913771,568.7471731085526,1180.0601270913771,568.7471731085526,pus
186.jpg,400.70550181878303,342.1411937040441,400.70550181878303,342.1411937040441,pus
186.jpg,396.1622566344246,302.61176470588236,397.3474779885912,302.61176470588236,pus
188.jpg,639.2108508014796,164.35855263157896,639.2108508014796,164.35855263157896,ep
188.jpg,625.5323289149198,322.2532894736842,625.5323289149198,322.2532894736842,ep
188.jpg,466.6502581689273,274.88486842105266,466.6502581689273,274.88486842105266,ep
188.jpg,1049.5684340320593,233.83223684210526,1049.5684340320593,233.83223684210526,ep
188.jpg,970.6535141800247,86.4638238204153,970.6535141800247,86.4638238204153,ep
188.jpg,1051.6728961159063,52.77962132504112,1051.6728961159063,52.77962132504112,ep
188.jpg,1150.5795314426634,173.83223684210526,1150.5795314426634,173.83223684210526,ep
188.jpg,1238.2364004629628,59.78824391084559,1238.2364004629628,59.78824391084559,ep
188.jpg,1035.0617972883597,458.4705882352941,1035.0617972883597,458.4705882352941,ep
188.jpg,937.9894179894179,603.0353630514705,937.9894179894179,603.0353630514705,ep
188.jpg,1208.888888888889,557.8588579963235,1208.888888888889,557.8588579963235,ep
188.jpg,340.88185143849205,378.28238740808825,340.88185143849205,378.28238740808825,ep
188.jpg,408.6067708333333,557.8588579963235,408.6067708333333,557.8588579963235,ep
195.jpg,955.9227612515414,376.9901637027138,955.9227612515414,376.9901637027138,pus
195.jpg,910.6781750924785,368.56909500925167,910.6781750924785,368.56909500925167,pus
195.jpg,392.6212093790219,597.3054919908467,392.6212093790219,597.3054919908467,ep
195.jpg,279.502393018018,503.94166435747997,279.502393018018,503.94166435747997,ep
195.jpg,142.22223898005146,361.149919103976,142.22223898005146,361.149919103976,ep
195.jpg,125.748622506435,556.6647764856265,125.748622506435,556.6647764856265,ep
195.jpg,115.13227513227513,685.4823529411765,115.13227513227513,685.4823529411765,ep
195.jpg,16.93121693121693,632.4000344669117,16.93121693121693,632.4000344669117,ep
195.jpg,28.21872933201058,494.61178193933824,28.21872933201058,494.61178193933824,ep
20.jpg,412.9881126695438,455.93753212376646,412.9881126695438,455.93753212376646,pus
20.jpg,413.48777348777344,430.3490037721682,413.48777348777344,430.3490037721682,pus
20.jpg,414.5860481016731,390.80666967605833,414.5860481016731,390.80666967605833,pus
203.jpg,612.9100529100529,355.6941348805147,612.9100529100529,355.6941348805147,ep
203.jpg,682.8924851190476,577.0588235294117,682.8924851190476,577.0588235294117,ep
203.jpg,645.6438078703703,464.1176642922794,645.6438078703703,464.1176642922794,ep
203.jpg,454.8853959986772,368.1176815257353,454.8853959986772,368.1176815257353,ep
205.jpg,355.2810287966538,190.8981860966104,355.2810287966538,190.8981860966104,rbc
205.jpg,332.2179657335907,197.48857511262872,332.2179657335907,197.48857511262872,rbc
205.jpg,1222.4338624338623,496.8706227022059,1222.4338624338623,496.8706227022059,rbc
205.jpg,1241.6226438492063,476.5412109375,1241.6226438492063,476.5412109375,rbc
208.jpg,985.6714527027026,409.47940503432494,985.6714527027026,409.47940503432494,pus
208.jpg,941.7417752574001,418.266607149242,941.7417752574001,418.266607149242,pus
208.jpg,962.6083896396395,447.92335772132435,962.6083896396395,447.92335772132435,pus
217.jpg,278.80073991402116,466.37650505514705,278.80073991402116,466.37650505514705,ep
217.jpg,86.91359747023809,502.5176470588235,86.91359747023809,502.5176470588235,ep
217.jpg,108.33156880373677,339.854116785386,109.51679015790343,341.04003532858457,ep
217.jpg,106.10232721560845,632.4000344669117,106.10232721560845,632.4000344669117,ep
217.jpg,1179.541480654762,135.45884076286765,1179.541480654762,135.45884076286765,ep
217.jpg,1229.2063492063492,252.9176815257353,1229.2063492063492,252.9176815257353,ep
216.jpg,239.37528899506782,126.46381578947368,239.37528899506782,126.46381578947368,pus
216.jpg,223.5923050246609,71.67435836791994,223.5923050246609,73.88487625122072,pus
216.jpg,286.7242409062885,94.88486842105264,286.7242409062885,94.88486842105264,pus
216.jpg,494.7576817889318,140.37186192702373,494.7576817889318,140.37186192702373,pus
216.jpg,461.81044884169887,196.39019370351832,461.81044884169887,196.39019370351832,pus
216.jpg,495.85585585585585,176.61902665546341,495.85585585585585,176.61902665546341,pus
222.jpg,1047.4640682799013,419.0954107987253,1047.4640682799013,419.0954107987253,pus
222.jpg,1019.0546971331689,395.93753212376646,1019.0546971331689,395.93753212376646,pus
224.jpg,1069.1102522723618,414.9439531060051,1070.2634406169561,416.097253585571,ep
224.jpg,1184.4530244530245,380.9210861520309,1184.4530244530245,380.9210861520309,ep
224.jpg,1174.5688545688545,485.26887871853546,1174.5688545688545,485.26887871853546,ep
224.jpg,1155.8987894144143,619.2735224184783,1155.8987894144143,619.2735224184783,ep
224.jpg,1263.5263835263834,576.4359435336813,1263.5263835263834,576.4359435336813,ep
224.jpg,997.7520712676962,534.6967963386728,997.7520712676962,534.6967963386728,ep
224.jpg,856.0789695945946,639.0446894665332,856.0789695945946,639.0446894665332,ep
224.jpg,794.5775016087515,443.5297818042048,794.5775016087515,443.5297818042048,ep
224.jpg,688.0480815637065,375.429078545123,688.0480815637065,375.429078545123,ep
224.jpg,906.3845486111111,484.4470760569853,906.3845486111111,484.4470760569853,ep
224.jpg,328.46560846560845,345.52942899816173,328.46560846560845,345.52942899816173,ep
224.jpg,217.8483589616402,475.4117647058823,217.8483589616402,475.4117647058823,ep
224.jpg,104.94532541749338,406.4611932732077,106.13054677166004,408.8329760742187,ep
224.jpg,1267.583912037037,452.82356387867645,1267.583912037037,452.82356387867645,ep
224.jpg,550.8289930555555,333.1058823529412,550.8289930555555,333.1058823529412,ep
224.jpg,509.0652901785714,458.4705882352941,509.0652901785714,458.4705882352941,ep
226.jpg,1221.7932553088801,496.25289393235124,1221.7932553088801,496.25289393235124,rbc
226.jpg,1242.6598696911196,479.7769213923055,1242.6598696911196,479.7769213923055,rbc
229.jpg,1248.395130621693,447.1764878216912,1248.395130621693,447.1764878216912,pus
229.jpg,1248.395130621693,392.9647231158088,1248.395130621693,392.9647231158088,pus
229.jpg,650.1587301587301,344.40003446691173,650.1587301587301,344.40003446691173,pus
229.jpg,681.7637028769841,327.4588579963235,681.7637028769841,327.4588579963235,pus
231.jpg,1144.1678032734276,165.08563316031677,1144.1678032734276,165.08563316031677,ep
231.jpg,1042.2936055840821,68.64726863495291,1042.2936055840821,68.64726863495291,ep
231.jpg,1162.789935012837,20.428098913741437,1162.789935012837,20.428098913741437,ep
231.jpg,99.32984044312168,161.43532858455882,99.32984044312168,161.43532858455882,ep
231.jpg,193.015873015873,60.91766429227941,193.015873015873,60.91766429227941,ep
24.jpg,470.73047858942067,484.2617613517198,470.73047858942067,484.2617613517198,ep
24.jpg,382.6028711429471,373.65775089135906,382.6028711429471,373.65775089135906,ep
24.jpg,275.13017553526447,391.9127516778524,275.13017553526447,391.9127516778524,ep
24.jpg,366.48196434193954,467.08056968330544,366.48196434193954,467.08056968330544,ep
24.jpg,523.3119168275418,313.9187643020595,523.3119168275418,313.9187643020595,ep
24.jpg,928.9594700727513,533.0117647058823,928.9594700727513,533.0117647058823,ep
24.jpg,1021.5168237433862,438.1411764705883,1021.5168237433862,438.1411764705883,ep
243.jpg,758.3355453667954,39.31923872818936,758.3355453667954,39.31923872818936,pus
243.jpg,804.4616714929215,48.10641570276745,804.4616714929215,48.10641570276745,pus
243.jpg,818.7387387387387,8.56408160665761,818.7387387387387,8.56408160665761,pus
243.jpg,576.7901579034391,228.0705882352941,576.7901579034391,228.0705882352941,pus
243.jpg,541.7989417989418,208.87062270220588,541.7989417989418,208.87062270220588,pus
243.jpg,512.4515335648148,155.78825252757352,512.4515335648148,155.78825252757352,pus
245.jpg,872.552586068211,486.3673104083238,872.552586068211,486.3673104083238,ep
245.jpg,770.4161639317889,364.4451136119851,770.4161639317889,364.4451136119851,ep
245.jpg,718.7988658301158,477.58010829340674,718.7988658301158,477.58010829340674,ep
245.jpg,612.2694457850707,595.1087291726259,612.2694457850707,595.1087291726259,ep
245.jpg,602.3852759009009,395.2002455931779,602.3852759009009,395.2002455931779,ep
245.jpg,361.87047538610034,531.4016018306636,361.87047538610034,531.4016018306636,pus
245.jpg,286.0918396074646,460.0057543442506,286.0918396074646,460.0057543442506,pus
245.jpg,399.2106559684684,502.84328294836956,399.2106559684684,502.84328294836956,pus
245.jpg,334.4144144144144,486.3673104083238,334.4144144144144,486.3673104083238,pus
245.jpg,397.014157014157,424.8569961652603,397.014157014157,424.8569961652603,pus
248.jpg,425.5379877645502,222.42356387867648,425.5379877645502,222.42356387867648,ep
248.jpg,593.7213748346561,414.4235294117647,593.7213748346561,414.4235294117647,ep
252.jpg,243.26043677606177,421.5618016572511,243.26043677606177,421.5618016572511,ep
252.jpg,66.4436032014157,443.5297818042048,66.4436032014157,443.5297818042048,ep
252.jpg,675.9674629987129,293.04921584489415,675.9674629987129,293.04921584489415,ep
252.jpg,781.3986084298584,167.83182454054634,781.3986084298584,167.83182454054634,ep
252.jpg,912.0892656048906,327.0995423340961,912.0892656048906,327.0995423340961,ep
252.jpg,1119.6568331724582,308.42680697582955,1119.6568331724582,308.42680697582955,ep
252.jpg,1048.2711953024452,410.5778367241133,1048.2711953024452,410.5778367241133,ep
252.jpg,1023.011583011583,519.3192554884154,1023.011583011583,519.3192554884154,ep
252.jpg,850.5877976190476,534.6967963386728,850.5877976190476,534.6967963386728,ep
25.jpg,1142.2928034060847,598.5176815257353,1142.2928034060847,598.5176815257353,ep
25.jpg,921.0299815021494,570.254116785386,922.2152028563161,571.4400353285845,ep
25.jpg,965.0793650793651,449.4353285845588,965.0793650793651,449.4353285845588,ep
25.jpg,893.968253968254,693.3882697610294,893.968253968254,693.3882697610294,ep
25.jpg,772.063492063492,511.5529584099265,772.063492063492,511.5529584099265,ep
25.jpg,702.0811631944445,310.51768152573527,702.0811631944445,310.51768152573527,ep
25.jpg,617.4250785383598,457.3411937040441,617.4250785383598,457.3411937040441,ep
25.jpg,515.8377769510581,334.23532858455883,515.8377769510581,334.23532858455883,ep
25.jpg,393.904796781994,520.5600348977482,395.08996388268844,521.7458991555607,ep
25.jpg,547.4427496693121,643.6941865808824,547.4427496693121,643.6941865808824,ep
259.jpg,704.521698037323,378.72427305313215,704.521698037323,378.72427305313215,pus
259.jpg,750.6478241634491,341.37875205592104,750.6478241634491,341.37875205592104,pus
259.jpg,891.2226512226512,485.26887871853546,891.2226512226512,485.26887871853546,pus
259.jpg,1019.7168597168596,481.9736842105263,1019.7168597168596,481.9736842105263,pus
259.jpg,815.4440154440153,346.87070938215106,815.4440154440153,346.87070938215106,pus
259.jpg,937.3487773487773,430.3490037721682,937.3487773487773,430.3490037721682,pus
259.jpg,849.4895230051479,536.8936094375715,849.4895230051479,536.8936094375715,pus
259.jpg,1058.1553651866152,369.93707093821513,1058.1553651866152,369.93707093821513,pus
259.jpg,876.945583976834,241.42448512585813,876.945583976834,241.42448512585813,pus
259.jpg,951.5984882762226,263.365005737584,952.7516766208173,264.5183062171499,pus
259.jpg,761.6302686615186,487.4656918174342,761.6302686615186,487.4656918174342,pus
266.jpg,717.8835978835979,606.4235983455882,717.8835978835979,606.4235983455882,ep
266.jpg,658.0599991732804,425.6894466624541,658.0599991732804,426.87531092026654,ep
266.jpg,617.4250785383598,231.45882352941177,617.4250785383598,231.45882352941177,ep
266.jpg,478.5890997023809,34.94117647058823,478.5890997023809,34.94117647058823,ep
266.jpg,432.310474537037,223.55295840992648,432.310474537037,223.55295840992648,ep
266.jpg,433.41093388310185,350.01882266773896,434.5961552372685,351.2047412109375,ep
266.jpg,247.1957671957672,562.3764878216912,247.1957671957672,562.3764878216912,ep
266.jpg,101.58730158730158,304.87060546875,101.58730158730158,304.87060546875,ep
266.jpg,1164.8677248677247,180.63529411764705,1164.8677248677247,180.63529411764705,ep
266.jpg,1132.1340732473545,416.68237017463235,1132.1340732473545,416.68237017463235,ep
266.jpg,981.9823624545304,27.007076487821692,983.167583808697,28.19294074563419,ep
266.jpg,514.7089947089946,430.23531135110295,514.7089947089946,430.23531135110295,ep
271.jpg,983.4749034749034,559.9599709936356,983.4749034749034,559.9599709936356,pus
271.jpg,923.0717101029601,580.829519450801,923.0717101029601,580.829519450801,pus
271.jpg,950.5276705276705,554.4679633867277,950.5276705276705,554.4679633867277,pus
271.jpg,975.7872828185327,519.3192554884154,975.7872828185327,519.3192554884154,pus
271.jpg,1250.3474903474903,346.87070938215106,1250.3474903474903,346.87070938215106,pus
271.jpg,1236.070423101673,388.60985657715963,1236.070423101673,388.60985657715963,pus
280.jpg,898.9103724259974,534.6967963386728,898.9103724259974,534.6967963386728,ep
280.jpg,1015.3239623552123,575.3375621245709,1015.3239623552123,575.3375621245709,ep
280.jpg,54.36293436293436,473.1865323762872,54.36293436293436,473.1865323762872,ep
280.jpg,60.95238095238095,635.749494958524,60.95238095238095,635.749494958524,ep
280.jpg,231.39333250661375,356.8235294117647,231.39333250661375,356.8235294117647,ep
280.jpg,349.91185102513225,476.5412109375,349.91185102513225,476.5412109375,ep
280.jpg,542.8995044849537,652.7294462316177,544.0847258391203,652.7294462316177,ep
284.jpg,711.1111446267696,153.55263995906034,711.1111446267696,153.55263995906034,ep
284.jpg,722.0935891248391,379.82265446224255,722.0935891248391,379.82265446224255,ep
285.jpg,369.5581463159588,353.4610983981694,369.5581463159588,353.4610983981694,ep
285.jpg,421.17549469111975,204.07896412864702,421.17549469111975,204.07896412864702,ep
285.jpg,649.6096766409268,318.3123904998569,649.6096766409268,318.3123904998569,pus
285.jpg,641.9219554375804,264.4908466819222,641.9219554375804,264.4908466819222,pus
286.jpg,382.1741737552284,95.33196798014696,382.7507679275257,95.56621811646346,ep
286.jpg,573.8310408622908,56.89359267734554,573.8310408622908,56.89359267734554,ep
286.jpg,524.4101914414414,187.60299158860127,524.4101914414414,187.60299158860127,ep
286.jpg,377.2458172458172,240.32610371674772,377.2458172458172,240.32610371674772,ep
286.jpg,493.65940717503213,321.60758500786613,493.65940717503213,321.60758500786613,ep
286.jpg,608.9747224903474,227.1453256847111,608.9747224903474,227.1453256847111,ep
286.jpg,640.8236808236808,441.3329687053061,640.8236808236808,441.3329687053061,ep
286.jpg,684.7533582689832,574.2391304347826,684.7533582689832,574.2391304347826,ep
286.jpg,547.4732545045044,615.9783279104691,547.4732545045044,615.9783279104691,ep
286.jpg,467.3016208172458,509.4336719643879,467.3016208172458,509.4336719643879,ep
286.jpg,670.4761904761905,130.48627840299628,670.4761904761905,130.48627840299628,ep
286.jpg,407.4779885912698,656.1176815257353,407.4779885912698,656.1176815257353,ep
321.jpg,688.0480815637065,463.3009488522597,688.0480815637065,463.3009488522597,pus
321.jpg,695.7358027670529,422.6601830663615,695.7358027670529,422.6601830663615,pus
321.jpg,663.886743886744,434.7425796892877,663.886743886744,434.7425796892877,pus
321.jpg,689.1463561776062,388.6098565771597,689.1463561776062,388.6098565771597,pus
321.jpg,264.1270008848134,631.3558687607265,264.1270008848134,631.3558687607265,ep
321.jpg,171.87474863256114,675.2918290546338,171.87474863256114,675.2918290546338,ep
321.jpg,252.04633204633205,701.6533851187071,252.04633204633205,701.6533851187071,ep
322.jpg,601.2870012870012,498.4496567505721,601.2870012870012,498.4496567505721,ep
322.jpg,766.023166023166,397.39705869207666,766.023166023166,397.39705869207666,ep
322.jpg,666.083293114543,275.474861895738,666.083293114543,275.474861895738,ep
322.jpg,759.4337194337194,523.7128314055349,759.4337194337194,523.7128314055349,ep
322.jpg,680.3603603603603,576.4359435336813,680.3603603603603,576.4359435336813,ep
322.jpg,672.6727397039897,487.4656918174342,672.6727397039897,487.4656918174342,ep
322.jpg,716.6023166023166,674.1933973648455,716.6023166023166,674.1933973648455,ep
322.jpg,779.2020592020591,619.2735224184783,779.2020592020591,619.2735224184783,ep
338.jpg,1049.3693693693695,306.2299938769308,1049.3693693693695,306.2299938769308,pus
338.jpg,1069.1377091377092,280.96681922196797,1069.1377091377092,280.96681922196797,pus
338.jpg,1035.0923021235521,260.0972707648026,1035.0923021235521,260.0972707648026,pus
338.jpg,1018.6186856499356,290.85240274599545,1018.6186856499356,290.85240274599545,pus
339.jpg,235.57271557271557,587.4199084668193,235.57271557271557,587.4199084668193,ep
339.jpg,94.9978885135135,558.8615895845252,94.9978885135135,558.8615895845252,ep
339.jpg,164.18707770270268,436.9393927881865,164.18707770270268,436.9393927881865,ep
339.jpg,40.08581684362934,461.104135753361,40.08581684362934,461.104135753361,ep
339.jpg,51.06821106821106,349.06752248104976,51.06821106821106,349.06752248104976,ep
339.jpg,186.15186615186613,156.8478344670695,186.15186615186613,156.8478344670695,ep
339.jpg,343.20035995817244,116.2070938215103,343.20035995817244,116.2070938215103,ep
339.jpg,494.75768178893173,61.28719373480406,494.75768178893173,61.28719373480406,ep
339.jpg,470.5963441119691,184.3077970805921,470.5963441119691,184.3077970805921,ep
339.jpg,666.083293114543,59.09040577624428,666.083293114543,59.09040577624428,ep
339.jpg,706.7181467181467,215.0629290617849,706.7181467181467,215.0629290617849,ep
339.jpg,443.1402831402831,323.80434782608694,443.1402831402831,323.80434782608694,ep
339.jpg,589.2063827220077,264.4908466819222,589.2063827220077,264.4908466819222,ep
339.jpg,290.48478724259974,256.8020762567935,290.48478724259974,256.8020762567935,ep
339.jpg,815.4440154440153,61.25973357106783,815.4440154440153,62.41306044798967,ep
339.jpg,730.8794843951093,406.1842105263158,730.8794843951093,406.1842105263158,ep
339.jpg,188.50089905753967,298.09413488051473,188.50089905753967,298.09413488051473,ep
341.jpg,800.2822213955026,421.2,800.2822213955026,421.2,rbc
341.jpg,765.2910052910053,438.1411764705882,765.2910052910053,438.1411764705882,rbc
341.jpg,752.8748139880952,395.2235638786765,752.8748139880952,395.2235638786765,rbc
341.jpg,813.8271949404761,586.0941348805147,813.8271949404761,586.0941348805147,rbc
341.jpg,829.6296296296296,540.9176815257352,829.6296296296296,540.9176815257352,rbc
341.jpg,813.8271949404761,514.9411937040442,813.8271949404761,514.9411937040442,rbc
34.jpg,975.7872828185327,65.68079479226259,975.7872828185327,65.68079479226259,ep
34.jpg,970.2960102960102,260.09727076480266,970.2960102960102,260.09727076480266,ep
34.jpg,1116.3621098777348,299.63960486091247,1116.3621098777348,299.63960486091247,ep
34.jpg,1120.7551077863577,497.3512753414617,1120.7551077863577,497.3512753414617,ep
34.jpg,1155.8438781973937,133.78147291100544,1158.1501493122587,133.78147291100544,ep
345.jpg,1141.6216216216214,165.6350114416476,1141.6216216216214,165.6350114416476,pus
345.jpg,1105.3796653796653,131.58468495244566,1105.3796653796653,131.58468495244566,pus
345.jpg,1051.5659185971685,99.73112128146454,1051.5659185971685,99.73112128146454,pus
345.jpg,1194.3371943371942,100.8295278309139,1194.3371943371942,100.8295278309139,pus
345.jpg,1169.0776825933076,126.09267734553777,1169.0776825933076,126.09267734553777,pus
345.jpg,1094.3973214285713,77.76316627484982,1094.3973214285713,77.76316627484982,pus
345.jpg,347.59330759330754,354.5595300879577,347.59330759330754,354.5595300879577,ep
345.jpg,203.72375723938222,321.60758500786613,203.72375723938222,321.60758500786613,ep
345.jpg,264.12700088481336,202.9805827195366,264.12700088481336,202.9805827195366,ep
345.jpg,143.32046332046332,229.31467924838208,143.32046332046332,230.467979727948,ep
345.jpg,164.18707770270268,129.38787185354693,164.18707770270268,129.38787185354693,ep
345.jpg,310.25312701093947,64.58238824281321,310.25312701093947,64.58238824281321,ep
345.jpg,398.1124316280566,32.728849712171055,398.1124316280566,32.728849712171055,ep
345.jpg,568.3397683397683,94.2391388148956,568.3397683397683,94.2391388148956,ep
345.jpg,692.4136251206563,40.390159973563534,693.5667078909266,41.54348685048538,ep
345.jpg,837.4089044401544,167.83182454054634,837.4089044401544,167.83182454054634,ep
345.jpg,816.542290057915,25.040054146703376,816.542290057915,25.040054146703376,ep
349.jpg,742.7160838293651,492.3529411764706,742.7160838293651,492.3529411764706,ep
349.jpg,906.3845486111111,623.308305089614,906.3845486111111,625.6800336052389,ep
349.jpg,980.8819031084655,164.82356387867648,980.8819031084655,164.82356387867648,pus
349.jpg,967.336929563492,199.83531135110294,967.336929563492,199.83531135110294,pus
351.jpg,511.3227513227513,281.15295840992644,511.3227513227513,281.15295840992644,ep
351.jpg,408.6067708333333,359.08237017463233,408.6067708333333,359.08237017463233,ep
351.jpg,484.2328042328042,570.2823529411764,484.2328042328042,570.2823529411764,ep
351.jpg,270.8994708994709,216.77648782169118,270.8994708994709,216.77648782169118,pus
351.jpg,218.97708953373015,217.90588235294118,218.97708953373015,217.90588235294118,pus
355.jpg,1213.0073600386102,284.2620137299771,1213.0073600386102,284.2620137299771,pus
355.jpg,1244.8563183719434,243.6212982247569,1244.8563183719434,243.6212982247569,pus
355.jpg,1206.4179134491635,241.42448512585815,1206.4179134491635,241.42448512585815,pus
355.jpg,905.2557663690475,374.8941521139706,905.2557663690475,374.8941521139706,ep
355.jpg,1088.1129092261906,304.87060546875006,1088.1129092261906,304.87060546875006,ep
355.jpg,550.8289930555555,441.5294117647059,550.8289930555555,441.5294117647059,ep
355.jpg,428.9242311507936,359.0823701746324,428.9242311507936,359.0823701746324,ep
361.jpg,986.7696267696267,189.7998046875,986.7696267696267,189.7998046875,ep
361.jpg,958.2153917310167,27.236842105263158,958.2153917310167,27.236842105263158,ep
361.jpg,880.2403072715572,170.0286376394451,880.2403072715572,170.0286376394451,ep
361.jpg,820.9352879665379,149.15903890160183,820.9352879665379,149.15903890160183,ep
361.jpg,133.19227430555554,106.09411764705882,133.19227430555554,106.09411764705882,ep
361.jpg,314.9206349206349,195.31768152573528,314.9206349206349,195.31768152573528,ep
361.jpg,278.80073991402116,399.7411937040441,278.80073991402116,399.7411937040441,ep
361.jpg,196.4021164021164,558.9882525275735,196.4021164021164,558.9882525275735,ep
361.jpg,80.14111069775132,659.5059168198529,80.14111069775132,659.5059168198529,ep
361.jpg,527.1252893518518,387.3176470588235,527.1252893518518,387.3176470588235,ep
361.jpg,627.5838086970899,406.5176642922794,627.5838086970899,406.5176642922794,ep
362.jpg,937.9894179894179,210.00001723345588,937.9894179894179,210.00001723345588,rbc
362.jpg,912.0282531415344,226.9411937040441,912.0282531415344,226.9411937040441,rbc
366.jpg,991.0406332671956,325.20001723345587,991.0406332671956,325.20001723345587,ep
366.jpg,947.0194692460317,444.9176470588236,947.0194692460317,444.9176470588236,ep
366.jpg,878.1658192791004,542.0470760569854,878.1658192791004,542.0470760569854,ep
366.jpg,1125.3615864748676,543.1764705882354,1125.3615864748676,543.1764705882354,ep
367.jpg,324.5302445302445,151.35585200050056,324.5302445302445,151.35585200050056,ep
367.jpg,310.25312701093947,56.89359267734554,310.25312701093947,56.89359267734554,ep
367.jpg,490.36468388030886,308.42680697582955,490.36468388030886,308.42680697582955,ep
367.jpg,652.9043999356498,163.43822348308782,652.9043999356498,163.43822348308782,ep
367.jpg,902.2050957207207,431.4473851812786,902.2050957207207,431.4473851812786,ep
367.jpg,965.9031129343629,349.06752248104976,965.9031129343629,349.06752248104976,ep
367.jpg,795.6756756756756,328.19797402388446,795.6756756756756,328.19797402388446,ep
367.jpg,640.8236808236808,425.95537757437074,640.8236808236808,425.95537757437074,ep
367.jpg,601.2870012870012,553.3695819776173,601.2870012870012,553.3695819776173,ep
367.jpg,502.4453024453024,678.587023562643,502.4453024453024,678.587023562643,ep
367.jpg,753.9425474581724,675.2918290546339,753.9425474581724,675.2918290546339,ep
368.jpg,825.3281853281853,340.28032036613274,825.3281853281853,340.28032036613274,rbc
368.jpg,845.096525096525,341.37875205592104,845.096525096525,341.37875205592104,rbc
373.jpg,846.1947997104246,499.5480884403604,846.1947997104246,499.5480884403604,ep
373.jpg,974.6890082046332,277.6716247139588,974.6890082046332,277.6716247139588,ep
373.jpg,623.2518902831403,435.84096109839817,623.2518902831403,435.84096109839817,ep
373.jpg,865.9631394787644,36.02404422018021,865.9631394787644,36.02404422018021,ep
373.jpg,738.5672055984555,284.2620137299771,738.5672055984555,284.2620137299771,ep
373.jpg,819.8370133526383,133.78147291100544,819.8370133526383,133.78147291100544,ep
373.jpg,367.36164736164733,533.5984149295624,367.36164736164733,533.5984149295624,pus
373.jpg,420.07722007722003,531.3466815031911,420.07722007722003,533.6533352570348,pus
377.jpg,243.26043677606177,431.44738518127855,243.26043677606177,431.44738518127855,ep
377.jpg,225.66108882319818,274.34896941370494,226.81427716779277,275.5023226879827,ep
377.jpg,518.918918918919,126.09267734553777,518.918918918919,126.09267734553777,ep
377.jpg,504.6418516731017,206.27577722754577,504.6418516731017,206.27577722754577,ep
382.jpg,188.3483651061776,162.33981693363845,188.3483651061776,162.33981693363845,pus
382.jpg,154.30290781853282,188.70137299771167,154.30290781853282,188.70137299771167,pus
383.jpg,1043.8781973938226,219.4565552595824,1043.8781973938226,219.4565552595824,ep
383.jpg,931.8576053732305,287.5572082379863,931.8576053732305,287.5572082379863,ep
383.jpg,925.2681587837839,157.94624101651885,925.2681587837839,157.94624101651885,ep
389.jpg,282.7971163127413,451.2185522293335,282.7971163127413,451.2185522293335,ep
389.jpg,540.8838079150578,217.25974216068366,540.8838079150578,217.25974216068366,rbc
389.jpg,524.4101914414415,234.83409610983983,524.4101914414415,234.83409610983983,rbc
389.jpg,404.70187821750324,418.266607149242,404.70187821750324,418.266607149242,ep
392.jpg,94.9978885135135,382.0194675611413,94.9978885135135,382.0194675611413,rbc
392.jpg,71.93482545045045,407.28264221610414,71.93482545045045,407.28264221610414,rbc
396.jpg,444.21110088883523,630.2299762786935,445.3642892334299,631.3833295529712,ep
396.jpg,602.3852759009009,574.2391304347826,602.3852759009009,574.2391304347826,ep
396.jpg,499.1505791505791,433.64419828017736,499.1505791505791,433.64419828017736,ep
396.jpg,770.4161639317889,614.8798962206807,770.4161639317889,614.8798962206807,ep
396.jpg,1057.0570905727154,567.6487414187643,1057.0570905727154,567.6487414187643,ep
396.jpg,947.2329472329471,441.3329687053061,947.2329472329471,441.3329687053061,ep
396.jpg,782.4967824967824,401.7906346091962,782.4967824967824,401.7906346091962,ep
396.jpg,697.9322514478764,246.91649273276602,697.9322514478764,246.91649273276602,ep
396.jpg,648.511402027027,100.8295278309139,648.511402027027,100.8295278309139,ep
396.jpg,840.7036277348777,110.71511135494136,840.7036277348777,110.71511135494136,ep
396.jpg,1073.530707046332,264.4908466819222,1073.530707046332,264.4908466819222,ep
396.jpg,1137.2287242599741,105.22312888837243,1137.2287242599741,105.22312888837243,ep
396.jpg,437.64911116473615,161.24143552452804,437.64911116473615,161.24143552452804,ep
396.jpg,213.60792712355212,252.4085003396739,213.60792712355212,252.4085003396739,ep
396.jpg,260.7773651162323,67.87758275082237,263.0836890182593,67.87758275082237,ep
396.jpg,1239.3651463963963,271.0812356979405,1239.3651463963963,271.0812356979405,ep
394.jpg,403.6036036036036,366.64187643020597,403.6036036036036,366.64187643020597,pus
394.jpg,369.55814631595877,345.7723279730406,369.55814631595877,345.7723279730406,pus
394.jpg,397.014157014157,295.2460289437929,397.014157014157,295.2460289437929,pus
394.jpg,435.45266248391243,275.474861895738,435.45266248391243,275.474861895738,pus
402.jpg,341.003861003861,283.1636323208667,341.003861003861,283.1636323208667,ep
402.jpg,706.7181467181467,416.06979405034326,706.7181467181467,416.06979405034326,ep
402.jpg,551.8661518661519,375.429078545123,551.8661518661519,375.429078545123,ep
402.jpg,812.1492921492921,510.5320533734983,812.1492921492921,510.5320533734983,ep
402.jpg,632.0377855534105,564.3535469107552,632.0377855534105,564.3535469107552,ep
402.jpg,358.57575209137707,468.7929061784897,358.57575209137707,468.7929061784897,ep
402.jpg,767.5485697751323,684.3530101102941,767.5485697751323,684.3530101102941,ep
402.jpg,439.0829613095238,675.3176470588235,439.0829613095238,675.3176470588235,ep
402.jpg,253.96825396825395,597.3882352941176,253.96825396825395,597.3882352941176,ep
4.jpg,679.2621862934362,229.34213878360984,679.2621862934362,229.34213878360984,pus
4.jpg,671.57446509009,174.42221355656466,671.57446509009,174.42221355656466,pus
4.jpg,636.4307834620334,216.16136075157323,636.4307834620334,216.16136075157323,pus
4.jpg,338.8074123230373,222.75174976759155,338.8074123230373,222.75174976759155,ep
4.jpg,243.26043677606177,206.27577722754577,243.26043677606177,206.27577722754577,ep
4.jpg,131.23984475546973,183.2094156714817,131.23984475546973,183.2094156714817,ep
407.jpg,731.977759009009,425.9553775743707,731.977759009009,425.9553775743707,pus
407.jpg,749.4946358188545,400.6922532000858,751.8010125080439,400.6922532000858,pus
407.jpg,736.3706563706563,332.5915499410041,736.3706563706563,332.5915499410041,pus
407.jpg,706.7181467181467,395.2002455931779,706.7181467181467,395.2002455931779,pus
407.jpg,713.3075933075934,364.4451136119851,713.3075933075934,364.4451136119851,pus
407.jpg,1012.001784708816,641.2139914925093,1013.1548674790861,642.3673447667871,ep
407.jpg,985.6714527027027,712.637299771167,985.6714527027027,712.637299771167,ep
407.jpg,1062.5482625482625,710.4405369529463,1062.5482625482625,710.4405369529463,ep
407.jpg,87.3101673101673,141.4702684764731,87.3101673101673,141.4702684764731,ep
407.jpg,154.30290781853282,39.31923872818936,154.30290781853282,39.31923872818936,ep
407.jpg,224.59032134813384,114.0103058629505,224.59032134813384,114.0103058629505,ep
407.jpg,62.05065556628057,34.925637670730836,62.05065556628057,34.925637670730836,ep
412.jpg,1044.9215607907013,576.4084839984536,1047.2278319055663,577.5617844780195,pus
412.jpg,1073.530707046332,542.3856170444794,1073.530707046332,542.3856170444794,pus
412.jpg,1051.5659185971685,514.9256292906178,1051.5659185971685,514.9256292906178,pus
412.jpg,1012.029239060489,499.5480884403604,1012.029239060489,499.5480884403604,pus
412.jpg,976.8854568854568,528.1064073226545,976.8854568854568,528.1064073226545,pus
412.jpg,753.9425474581724,639.0446894665332,753.9425474581724,639.0446894665332,ep
412.jpg,733.075933075933,464.39933026137015,733.075933075933,464.39933026137015,ep
412.jpg,714.4058679214929,344.6739465639302,714.4058679214929,344.6739465639302,ep
412.jpg,660.5920205920205,174.42221355656466,660.5920205920205,174.42221355656466,ep
412.jpg,753.9425474581724,107.41991684693221,753.9425474581724,107.41991684693221,ep
412.jpg,884.6332046332046,150.2574454510512,884.6332046332046,150.2574454510512,pus
412.jpg,929.6611566924066,143.6670564350329,929.6611566924066,143.6670564350329,pus
412.jpg,881.3384813384813,67.87758275082237,881.3384813384813,67.87758275082237,pus
412.jpg,859.3736928893178,97.53433332290474,859.3736928893178,97.53433332290474,pus
412.jpg,871.4543114543114,32.728849712171055,871.4543114543114,32.728849712171055,pus
412.jpg,1219.5968066280566,68.97598930027173,1219.5968066280566,68.97598930027173,ep
412.jpg,1053.762367277992,70.07437070938215,1053.762367277992,70.07437070938215,ep
412.jpg,913.1875402187901,171.1270190485555,913.1875402187901,171.1270190485555,pus
414.jpg,373.9510939510939,29.4336552041619,373.9510939510939,29.4336552041619,ep
414.jpg,438.74738577863576,92.04235085633582,438.74738577863576,92.04235085633582,ep
414.jpg,356.37925313706563,178.81578947368422,356.37925313706563,178.81578947368422,ep
414.jpg,465.1051721364221,185.4061784897025,465.1051721364221,185.4061784897025,ep
414.jpg,603.4286392977799,204.05150459341925,605.7349104126448,205.20480507298518,ep
414.jpg,549.6697031853281,291.95083443578375,549.6697031853281,291.95083443578375,ep
414.jpg,506.8383003539253,450.1201708202231,506.8383003539253,450.1201708202231,ep
414.jpg,673.7709137709137,495.15446224256294,673.7709137709137,495.15446224256294,ep
414.jpg,846.1947997104246,528.1064073226545,846.1947997104246,528.1064073226545,ep
414.jpg,738.5672055984555,328.19797402388446,738.5672055984555,328.19797402388446,ep
414.jpg,738.5672055984555,659.9141876430206,738.5672055984555,659.9141876430206,ep
414.jpg,883.5350305662805,56.89359267734554,883.5350305662805,56.89359267734554,ep
414.jpg,592.5925925925926,656.1176815257353,592.5925925925926,656.1176815257353,ep
420.jpg,947.2329472329471,107.41991684693221,947.2329472329471,107.41991684693221,ep
420.jpg,816.542290057915,323.80434782608694,816.542290057915,323.80434782608694,ep
420.jpg,987.8679013835264,307.3283752860412,987.8679013835264,307.3283752860412,ep
420.jpg,1146.0146195302445,206.27577722754577,1146.0146195302445,206.27577722754577,ep
420.jpg,1058.1553651866152,489.662504916333,1058.1553651866152,489.662504916333,ep
420.jpg,886.8297538610038,514.9256292906178,886.8297538610038,514.9256292906178,ep
420.jpg,1104.2814913127413,640.1430205949657,1104.2814913127413,640.1430205949657,ep
420.jpg,1205.3196388352637,542.3856170444794,1205.3196388352637,542.3856170444794,ep
421.jpg,1023.011583011583,56.89359267734554,1023.011583011583,56.89359267734554,rbc
421.jpg,1040.583474099099,65.62587509329859,1040.583474099099,67.93250244978637,rbc
425.jpg,869.2578627734877,153.55263995906034,869.2578627734877,153.55263995906034,ep
425.jpg,859.3736928893178,313.9187643020595,859.3736928893178,313.9187643020595,ep
425.jpg,941.7417752574001,229.34213878360984,941.7417752574001,229.34213878360984,ep
425.jpg,975.7872828185327,332.591549941004,975.7872828185327,332.591549941004,ep
425.jpg,1051.5659185971685,430.3490037721682,1051.5659185971685,430.3490037721682,ep
425.jpg,1018.6186856499356,587.4199084668193,1018.6186856499356,587.4199084668193,ep
425.jpg,1234.9721484877734,451.2185522293335,1234.9721484877734,451.2185522293335,ep
425.jpg,1169.0776825933076,634.6510632687357,1169.0776825933076,634.6510632687357,ep
425.jpg,1100.986768018018,338.0835575479119,1100.986768018018,338.0835575479119,ep
426.jpg,1021.9134089446588,56.89359267734554,1021.9134089446588,56.89359267734554,rbc
426.jpg,1041.6817487129986,65.68079479226259,1041.6817487129986,65.68079479226259,rbc
431.jpg,1043.8781973938223,64.58238824281321,1043.8781973938223,64.58238824281321,rbc
431.jpg,1020.8151343307593,55.79521126823513,1020.8151343307593,55.79521126823513,rbc
431.jpg,939.5453265765765,407.28264221610414,939.5453265765765,407.28264221610414,rbc
431.jpg,927.8306878306878,420.07060546875,927.8306878306878,420.07060546875,rbc
430.jpg,247.6533844111969,72.2711838082809,247.6533844111969,72.2711838082809,ep
430.jpg,14.826254826254825,90.94394430688644,14.826254826254825,90.94394430688644,ep
430.jpg,125.748622506435,175.52059496567506,125.748622506435,175.52059496567506,ep
430.jpg,797.8722249034748,183.2094156714817,797.8722249034748,183.2094156714817,ep
430.jpg,648.511402027027,76.66475972540046,648.511402027027,76.66475972540046,ep
437.jpg,691.3428048584299,322.70596641697654,691.3428048584299,322.70596641697654,pus
437.jpg,723.1917631917631,276.5732433048484,723.1917631917631,276.5732433048484,pus
437.jpg,674.8691883848135,248.0148741418764,674.8691883848135,248.0148741418764,pus
437.jpg,662.7885698198198,312.82038289294906,662.7885698198198,312.82038289294906,pus
437.jpg,710.0128700128699,242.52291681564645,710.0128700128699,242.52291681564645,pus
437.jpg,970.2960102960103,304.0331807780321,970.2960102960103,304.0331807780321,ep
437.jpg,1059.2535392535392,393.00343249427914,1059.2535392535392,393.00343249427914,ep
437.jpg,1166.8812339124838,465.4977116704806,1166.8812339124838,465.4977116704806,ep
437.jpg,1248.123584801319,620.344392754666,1249.2767731459137,621.4977460289439,ep
438.jpg,1047.1729206885457,408.38102362521454,1047.1729206885457,408.38102362521454,ep
438.jpg,919.7769868082368,324.9027795158753,919.7769868082368,324.9027795158753,ep
438.jpg,794.5775016087515,553.3695819776173,794.5775016087515,553.3695819776173,ep
438.jpg,946.1347731660231,488.5640732265446,946.1347731660231,488.5640732265446,ep
438.jpg,930.7593307593307,655.520662006579,930.7593307593307,655.520662006579,ep
438.jpg,842.9000764157014,130.45881823926004,842.9000764157014,131.6121451161819,ep
438.jpg,701.2269747425997,92.04235085633582,701.2269747425997,92.04235085633582,ep
438.jpg,537.5890846203346,36.02404422018021,537.5890846203346,36.02404422018021,ep
438.jpg,357.45002061212995,190.84326576913793,358.6032089567246,193.1499195229816,ep
443.jpg,1221.7932553088801,205.17734553775745,1221.7932553088801,205.17734553775745,ep
443.jpg,1178.9618524774774,54.69680471878576,1178.9618524774774,54.69680471878576,ep
443.jpg,1085.6113256113256,684.078980888873,1085.6113256113256,684.078980888873,ep
443.jpg,921.9734354890604,602.7975498784325,921.9734354890604,602.7975498784325,ep
443.jpg,991.1626246782496,477.58010829340674,991.1626246782496,477.58010829340674,ep
443.jpg,751.7460987773487,630.2574370709382,751.7460987773487,630.2574370709382,ep
443.jpg,694.6375281531531,431.4473851812786,694.6375281531531,431.4473851812786,ep
443.jpg,583.7152107464607,548.9760060604978,583.7152107464607,548.9760060604978,ep
443.jpg,797.8722249034748,280.96681922196797,797.8722249034748,280.96681922196797,ep
443.jpg,764.9249919562419,108.51832339638158,764.9249919562419,108.51832339638158,ep
443.jpg,392.6212093790219,345.7723279730406,392.6212093790219,345.7723279730406,ep
443.jpg,544.1785312097812,365.54349502109557,544.1785312097812,365.54349502109557,ep
443.jpg,231.17976793758044,256.8020762567935,231.17976793758044,256.8020762567935,ep
443.jpg,455.2210022522522,129.38787185354693,455.2210022522522,129.38787185354693,ep
443.jpg,431.1816922949735,510.4235638786765,431.1816922949735,510.4235638786765,ep
443.jpg,305.89068700396825,544.3059168198529,305.89068700396825,544.3059168198529,ep
443.jpg,381.51677207341265,652.7294462316177,381.51677207341265,652.7294462316177,ep
446.jpg,101.5873351029601,692.8661327231123,101.5873351029601,692.8661327231123,ep
446.jpg,14.826254826254827,629.1591059425057,14.826254826254827,629.1591059425057,ep
446.jpg,24.710424710424714,517.1224423895166,24.710424710424714,517.1224423895166,ep
446.jpg,767.1214406370657,101.92793438036328,767.1214406370657,101.92793438036328,pus
446.jpg,780.3003338159589,121.69910142841819,780.3003338159589,121.69910142841819,pus
488.jpg,366.2634230212355,38.22083217873999,366.2634230212355,38.22083217873999,pus
488.jpg,402.50537926319174,22.843266188143595,402.50537926319174,22.843266188143595,pus
489.jpg,749.5495495495495,444.62816321331525,749.5495495495495,444.62816321331525,ep
489.jpg,864.8648648648648,407.2826422161041,864.8648648648648,407.2826422161041,ep
489.jpg,780.3003338159589,345.7723279730406,780.3003338159589,345.7723279730406,ep
489.jpg,1206.4179134491635,596.2071608624142,1206.4179134491635,596.2071608624142,pus
489.jpg,1186.6495736808238,615.978327910469,1186.6495736808238,615.978327910469,pus
489.jpg,1178.9618524774776,641.241452284754,1178.9618524774776,641.241452284754,pus
489.jpg,1083.414876930502,342.4771334650315,1083.414876930502,342.4771334650315,ep
489.jpg,1110.870937902188,475.383295194508,1110.870937902188,475.383295194508,ep
489.jpg,1037.2887508043757,568.7471731085526,1037.2887508043757,568.7471731085526,ep
489.jpg,602.7513227513227,490.0941521139706,602.7513227513227,490.0941521139706,pus
489.jpg,571.1464533730158,477.67060546875,571.1464533730158,477.67060546875,pus
50.jpg,120.20248778354247,472.0881006864989,122.50881168556948,472.0881006864989,ep
50.jpg,70.83655083655083,306.2299938769308,70.83655083655083,306.2299938769308,ep
50.jpg,48.871762387387385,581.9279511405892,48.871762387387385,581.9279511405892,ep
50.jpg,1095.4954954954953,530.3032204215532,1095.4954954954953,530.3032204215532,pus
50.jpg,1061.4500884813383,518.2208237986271,1061.4500884813383,518.2208237986271,pus
5.jpg,1075.6967179232804,509.29411764705884,1075.6967179232804,509.29411764705884,ep
5.jpg,900.7407407407408,505.90588235294126,900.7407407407408,505.90588235294126,ep
498.jpg,920.8751608751608,532.500033520452,920.8751608751608,532.500033520452,pus
498.jpg,890.124477155727,502.84328294836956,890.124477155727,502.84328294836956,pus
498.jpg,841.8018018018017,496.25289393235124,841.8018018018017,496.25289393235124,pus
504.jpg,625.4483389639639,342.4771334650315,625.4483389639639,342.4771334650315,ep
504.jpg,760.531994047619,421.5618016572511,760.531994047619,421.5618016572511,ep
504.jpg,708.9146959459458,574.2391304347826,708.9146959459458,574.2391304347826,ep
506.jpg,996.684337797619,158.04706744025734,996.684337797619,158.04706744025734,rbc
506.jpg,975.2380952380952,149.01178193933822,975.2380952380952,149.01178193933822,rbc
508.jpg,777.0056105212354,502.84328294836956,777.0056105212354,502.84328294836956,pus
508.jpg,774.8091618404118,445.72654462242565,774.8091618404118,445.72654462242565,pus
508.jpg,727.584761100386,467.6945247693793,727.584761100386,467.6945247693793,pus
508.jpg,730.8794843951093,510.5320533734983,730.8794843951093,510.5320533734983,pus
508.jpg,1006.5379665379664,233.7357147007294,1006.5379665379664,233.7357147007294,ep
508.jpg,1040.583474099099,156.8478344670695,1040.583474099099,156.8478344670695,ep
508.jpg,901.106821106821,189.7998046875,901.106821106821,189.7998046875,ep
513.jpg,1191.0424710424709,81.05836078285898,1191.0424710424709,81.05836078285898,pus
513.jpg,1245.954592985843,65.68079479226259,1245.954592985843,65.68079479226259,pus
513.jpg,1249.2493162805663,129.38787185354693,1249.2493162805663,129.38787185354693,pus
513.jpg,1199.8284668597169,121.69910142841819,1199.8284668597169,121.69910142841819,pus
513.jpg,1228.3827018983268,85.45196184031751,1228.3827018983268,85.45196184031751,pus
513.jpg,764.9249919562419,595.1087291726259,764.9249919562419,595.1087291726259,pus
513.jpg,710.0128700128699,525.9096445044337,710.0128700128699,525.9096445044337,pus
513.jpg,755.040822072072,553.3695819776173,755.040822072072,553.3695819776173,pus
513.jpg,744.0583775740025,499.5480884403604,744.0583775740025,499.5480884403604,pus
513.jpg,823.1317366473615,140.37186192702373,823.1317366473615,140.37186192702373,pus
513.jpg,827.5247345559845,179.91422116347255,827.5247345559845,179.91422116347255,pus
513.jpg,863.7666907979408,168.93020594965677,863.7666907979408,168.93020594965677,pus
513.jpg,722.0935891248391,569.845554517663,722.0935891248391,569.845554517663,pus
514.jpg,885.7314792471043,283.1636323208667,885.7314792471043,283.1636323208667,pus
514.jpg,856.0789695945947,307.3283752860412,856.0789695945947,307.3283752860412,pus
512.jpg,1252.9100529100529,609.8118336397059,1252.9100529100529,609.8118336397059,rbc
512.jpg,1259.6825396825395,571.4117991727941,1259.6825396825395,571.4117991727941,rbc
512.jpg,1233.721374834656,569.1529584099264,1233.721374834656,569.1529584099264,rbc
511.jpg,997.8131200396825,156.91764705882352,997.8131200396825,156.91764705882352,rbc
511.jpg,976.3668774801587,151.27059685202207,976.3668774801587,151.27059685202207,rbc
518.jpg,831.9176319176319,433.64419828017736,831.9176319176319,433.64419828017736,pus
518.jpg,801.1669481981982,393.0034324942792,801.1669481981982,393.0034324942792,pus
518.jpg,767.1214406370656,362.2483005130864,767.1214406370656,362.2483005130864,pus
518.jpg,738.5672055984555,388.60985657715963,738.5672055984555,388.60985657715963,pus
518.jpg,784.6933317245816,447.92335772132435,784.6933317245816,447.92335772132435,pus
518.jpg,391.52298503861,444.62816321331525,391.52298503861,444.62816321331525,ep
518.jpg,468.3998954311454,408.38102362521454,468.3998954311454,408.38102362521454,ep
518.jpg,456.0141782407407,598.5176815257353,456.0141782407407,598.5176815257353,pus
518.jpg,449.2416914682539,553.3411764705883,449.2416914682539,553.3411764705883,pus
518.jpg,424.40920552248673,292.4470588235294,424.40920552248673,292.4470588235294,ep
518.jpg,530.5115327380952,217.90588235294118,530.5115327380952,217.90588235294118,ep
516.jpg,976.3668774801587,149.01178193933822,976.3668774801587,149.01178193933822,rbc
516.jpg,995.5555555555555,156.91764705882352,995.5555555555555,156.91764705882352,rbc
52.jpg,504.61439732142856,604.9668519044086,505.7674800916988,606.1202051786863,ep
52.jpg,569.438042953668,546.7791929615989,569.438042953668,546.7791929615989,ep
52.jpg,707.8164213320463,97.53433332290474,707.8164213320463,97.53433332290474,ep
52.jpg,566.1433196589446,108.51832339638158,566.1433196589446,108.51832339638158,ep
52.jpg,478.2840653153153,21.744859638694223,478.2840653153153,21.744859638694223,ep
52.jpg,618.8588923745174,21.744859638694223,618.8588923745174,21.744859638694223,ep
52.jpg,591.4028314028313,349.06752248104976,591.4028314028313,349.06752248104976,ep
52.jpg,712.2094192406691,249.11330583166477,712.2094192406691,249.11330583166477,ep
52.jpg,795.6756756756756,321.60758500786613,795.6756756756756,321.60758500786613,ep
523.jpg,833.015873015873,68.82352941176471,833.015873015873,68.82352941176471,ep
523.jpg,909.7707919973544,41.71764705882353,909.7707919973544,41.71764705882353,ep
523.jpg,901.8695229828041,225.8117991727941,901.8695229828041,225.8117991727941,pus
523.jpg,893.968253968254,181.7647403492647,893.968253968254,181.7647403492647,pus
523.jpg,1228.0776703042327,73.34118508731618,1228.0776703042327,73.34118508731618,pus
523.jpg,1202.116402116402,36.07059685202206,1202.116402116402,36.07059685202206,pus
523.jpg,1247.2663483796296,27.03531135110294,1247.2663483796296,27.03531135110294,pus
523.jpg,1272.0988343253969,65.43529411764706,1272.0988343253969,65.43529411764706,pus
527.jpg,1234.9721484877734,574.2391304347826,1234.9721484877734,574.2391304347826,rbc
527.jpg,1263.5263835263834,573.1407490256722,1263.5263835263834,573.1407490256722,rbc
527.jpg,1255.8387628700127,609.3879388944508,1255.8387628700127,609.3879388944508,rbc
532.jpg,1231.67742519305,573.1407490256722,1231.67742519305,573.1407490256722,rbc
532.jpg,1263.5263835263834,569.845554517663,1263.5263835263834,569.845554517663,rbc
532.jpg,1256.936936936937,611.5847017126716,1256.936936936937,611.5847017126716,rbc
531.jpg,339.75312086640207,158.04706744025734,339.75312086640207,158.04706744025734,rbc
531.jpg,361.19931175595235,149.01178193933822,361.19931175595235,149.01178193933822,rbc
537.jpg,1234.8501570767196,570.2823529411764,1234.8501570767196,570.2823529411764,rbc
537.jpg,1260.8113219246031,574.8000344669117,1260.8113219246031,574.8000344669117,rbc
537.jpg,1256.2962962962963,609.8118336397059,1256.2962962962963,609.8118336397059,rbc
537.jpg,898.4832795965608,433.6235466452206,898.4832795965608,433.6235466452206,rbc
537.jpg,898.4832795965608,403.12942899816176,898.4832795965608,403.12942899816176,rbc
545.jpg,819.8370133526383,120.60069487896882,819.8370133526383,120.60069487896882,rbc
545.jpg,793.479226994852,117.30550037095966,793.479226994852,117.30550037095966,rbc
545.jpg,755.040822072072,112.91189931350115,755.040822072072,112.91189931350115,rbc
545.jpg,879.2663845486111,702.3388235294117,880.4514973958331,705.8964705882353,rbc
545.jpg,866.8783068783068,671.9294117647058,866.8783068783068,671.9294117647058,rbc
542.jpg,1017.520411036036,632.4543004505149,1017.520411036036,632.4543004505149,pus
542.jpg,994.4573479729729,609.3879388944508,994.4573479729729,609.3879388944508,pus
542.jpg,972.4925595238094,577.5343249427917,972.4925595238094,577.5343249427917,pus
556.jpg,479.7178819444444,118.5176642922794,479.7178819444444,118.5176642922794,rbc
556.jpg,474.074074074074,92.54117647058824,474.074074074074,92.54117647058824,rbc
575.jpg,515.6241956241956,201.8821510297483,515.6241956241956,201.8821510297483,rbc
575.jpg,509.034749034749,186.50461017949084,509.034749034749,186.50461017949084,rbc
577.jpg,1030.699304214929,293.04921584489415,1030.699304214929,293.04921584489415,pus
577.jpg,996.6537966537966,277.6716247139588,996.6537966537966,277.6716247139588,pus
577.jpg,662.5185882729827,513.8117991727942,664.8889224743716,513.8117991727942,ep
577.jpg,486.4903687169312,405.3882697610294,486.4903687169312,405.3882697610294,ep
577.jpg,740.4586226851851,310.51768152573527,740.4586226851851,310.51768152573527,pus
577.jpg,776.5785176917989,286.80003446691177,776.5785176917989,286.80003446691177,pus
580.jpg,439.8455598455598,572.0423676165618,439.8455598455598,572.0423676165618,pus
580.jpg,469.49806949806947,607.1910755148741,469.49806949806947,607.1910755148741,pus
580.jpg,1205.3196388352637,450.1201708202231,1205.3196388352637,450.1201708202231,pus
580.jpg,1227.2844272844272,494.05608083345254,1227.2844272844272,494.05608083345254,pus
580.jpg,979.082006113256,360.05148741418765,979.082006113256,360.05148741418765,pus
580.jpg,1002.1450691763191,329.29635543299486,1002.1450691763191,329.29635543299486,pus
585.jpg,305.86017937580436,245.81811132365561,305.86017937580436,245.81811132365561,rbc
585.jpg,277.30589406370655,242.52291681564645,277.30589406370655,242.52291681564645,rbc
586.jpg,526.606640122265,306.2299938769308,526.606640122265,306.2299938769308,pus
586.jpg,474.989342020592,298.54122345180207,474.989342020592,298.54122345180207,pus
586.jpg,461.8104488416988,251.31006864988558,461.8104488416988,251.31006864988558,pus
586.jpg,568.3397683397683,227.1453256847111,568.3397683397683,227.1453256847111,pus
586.jpg,945.0364985521235,288.6556399277746,945.0364985521235,288.6556399277746,ep
586.jpg,735.2724823037322,229.34213878360984,735.2724823037322,229.34213878360984,ep
586.jpg,1057.0570905727154,86.55034324942793,1057.0570905727154,86.55034324942793,ep
589.jpg,414.5860481016731,246.91649273276602,414.5860481016731,246.91649273276602,pus
589.jpg,467.3016208172458,213.9645476526745,467.3016208172458,213.9645476526745,pus
589.jpg,809.9528434684684,674.1933973648455,809.9528434684684,674.1933973648455,pus
589.jpg,854.9806949806949,685.1774125786613,854.9806949806949,685.1774125786613,pus
59.jpg,389.3264860842986,533.5984149295623,389.3264860842986,533.5984149295623,ep
59.jpg,345.3968589124839,468.7929061784897,345.3968589124839,468.7929061784897,ep
59.jpg,593.5719262789576,375.429078545123,594.7250090492279,375.429078545123,ep
59.jpg,941.7417752574003,161.24143552452807,941.7417752574003,161.24143552452807,ep
59.jpg,909.8928169240669,38.22083217873999,909.8928169240669,38.22083217873999,ep
59.jpg,1021.9134089446591,416.06979405034326,1021.9134089446591,416.06979405034326,pus
59.jpg,979.082006113256,420.4634202481407,979.082006113256,420.4634202481407,pus
59.jpg,689.1463561776062,475.383295194508,689.1463561776062,475.383295194508,ep
592.jpg,625.4208820986164,377.62589164402175,626.5740704432111,377.62589164402175,pus
592.jpg,662.7885698198198,365.54349502109557,662.7885698198198,365.54349502109557,pus
592.jpg,615.564169079794,336.9851258581236,615.564169079794,336.9851258581236,pus
592.jpg,651.8061253217503,309.52518838493995,651.8061253217503,309.52518838493995,pus
592.jpg,706.7181467181467,290.85240274599545,706.7181467181467,290.85240274599545,pus
592.jpg,688.0480815637065,334.7883630399028,688.0480815637065,334.7883630399028,pus
594.jpg,303.6636804214929,243.5938386895291,303.6636804214929,244.74713916909502,rbc
594.jpg,275.1093951093951,239.2277223076373,275.1093951093951,239.2277223076373,rbc
595.jpg,1072.4324324324323,576.4359435336813,1072.4324324324323,576.4359435336813,pus
595.jpg,1030.699304214929,586.3215270577089,1030.699304214929,586.3215270577089,pus
595.jpg,882.4367559523808,105.22312888837243,882.4367559523808,105.22312888837243,pus
595.jpg,859.3736928893178,130.48627840299628,859.3736928893178,130.48627840299628,pus
595.jpg,847.2930743243243,70.07437070938215,847.2930743243243,70.07437070938215,pus
595.jpg,875.8473093629343,66.779176201373,875.8473093629343,66.779176201373,pus
60.jpg,1107.5762146074646,193.09499919550916,1107.5762146074646,193.09499919550916,pus
60.jpg,1116.3621098777348,148.06065749249143,1116.3621098777348,148.06065749249143,pus
60.jpg,1151.5057915057914,272.17966738772884,1151.5057915057914,272.17966738772884,ep
60.jpg,1082.2891454512549,395.2002455931779,1083.4423337958492,395.2002455931779,ep
60.jpg,1024.1098576254826,540.1888039455806,1024.1098576254826,540.1888039455806,ep
605.jpg,1258.0352115508365,556.6647764856265,1258.0352115508365,556.6647764856265,pus
605.jpg,1264.5972012749357,596.1797025842034,1265.75038961953,597.3329502690575,pus
605.jpg,378.34409185971685,651.1270358087814,378.34409185971685,651.1270358087814,pus
605.jpg,346.4950832528957,633.5526315789474,346.4950832528957,633.5526315789474,pus
648.jpg,283.89534065315314,365.54349502109557,283.89534065315314,365.54349502109557,rbc
648.jpg,265.2252252252252,339.18193895702234,265.2252252252252,339.18193895702234,rbc
652.jpg,552.9644264800514,534.6967963386728,552.9644264800514,534.6967963386728,ep
652.jpg,696.8339768339767,375.429078545123,696.8339768339767,375.429078545123,ep
652.jpg,947.2329472329471,434.74257968928777,947.2329472329471,434.74257968928777,ep
652.jpg,1173.4706805019305,506.1384774563787,1173.4706805019305,506.1384774563787,ep
652.jpg,1054.8606418918919,657.7174248247998,1054.8606418918919,657.7174248247998,ep
659.jpg,926.3664333976833,397.39705869207666,926.3664333976833,397.39705869207666,rbc
659.jpg,923.0717101029601,454.5137467373427,923.0717101029601,454.5137467373427,rbc
659.jpg,943.9382239382239,434.74257968928777,943.9382239382239,434.74257968928777,rbc
659.jpg,971.3942849099099,430.3490037721682,971.3942849099099,430.3490037721682,rbc
66.jpg,495.85585585585585,510.5320533734983,495.85585585585585,510.5320533734983,pus
66.jpg,524.4101914414414,492.95769942434214,524.4101914414414,492.95769942434214,pus
66.jpg,618.8588923745174,512.728866472397,618.8588923745174,512.728866472397,pus
66.jpg,647.4131274131274,486.3673104083238,647.4131274131274,486.3673104083238,pus
66.jpg,624.3500643500643,453.41536532823227,624.3500643500643,453.41536532823227,pus
66.jpg,677.0381802002895,498.4496567505721,678.1913685448842,498.4496567505721,pus
658.jpg,940.2469824735449,462.9882697610294,940.2469824735449,462.9882697610294,pus
658.jpg,922.1869833002645,425.7176815257353,922.1869833002645,425.7176815257353,pus
675.jpg,1153.5803158068782,159.17648782169118,1153.5803158068782,159.17648782169118,rbc
675.jpg,1142.264583850033,169.31295884076286,1143.4498052041997,170.49882309857537,rbc
675.jpg,1118.589099702381,185.15297564338235,1118.589099702381,185.15297564338235,rbc
68.jpg,872.552586068211,554.4679633867277,872.552586068211,554.4679633867277,ep
68.jpg,948.3312218468468,610.4862700228833,948.3312218468468,610.4862700228833,ep
68.jpg,145.51696227477476,104.12472233892305,145.51696227477476,104.12472233892305,pus
68.jpg,111.47150498712998,74.46797176684068,111.47150498712998,74.46797176684068,pus
68.jpg,49.969986727799224,60.18878718535469,49.969986727799224,60.18878718535469,pus
677.jpg,1007.9718501984127,377.15294117647056,1007.9718501984127,377.15294117647056,rbc
677.jpg,994.4268766534391,362.47060546875,994.4268766534391,362.47060546875,rbc
701.jpg,722.3986235119047,110.61177332261029,722.3986235119047,110.61177332261029,rbc
701.jpg,705.4674065806878,94.80001723345588,705.4674065806878,94.80001723345588,rbc
701.jpg,778.8359788359788,86.89412626378676,778.8359788359788,86.89412626378676,rbc
701.jpg,756.2610573743386,93.67059685202206,756.2610573743386,93.67059685202206,rbc
703.jpg,721.2698412698412,110.61177332261029,721.2698412698412,110.61177332261029,rbc
703.jpg,705.4674065806878,95.92941176470588,705.4674065806878,95.92941176470588,rbc
75.jpg,645.2166787323036,211.76773455377574,645.2166787323036,211.76773455377574,ep
75.jpg,723.1917631917631,265.5892783717105,723.1917631917631,265.5892783717105,ep
75.jpg,583.7152107464608,296.3444103529033,583.7152107464608,296.3444103529033,ep
75.jpg,321.2355212355212,41.516026686749136,321.2355212355212,41.516026686749136,ep
75.jpg,181.75891851673103,20.646453089244854,181.75891851673103,20.646453089244854,ep
753.jpg,946.1347731660231,191.99656750572083,946.1347731660231,191.99656750572083,rbc
753.jpg,924.1698841698841,177.7174080645738,924.1698841698841,177.7174080645738,rbc
753.jpg,941.7417752574001,148.06065749249143,941.7417752574001,148.06065749249143,rbc
753.jpg,949.4294964607463,121.69910142841819,949.4294964607463,121.69910142841819,rbc
753.jpg,909.8928169240669,135.97826086956522,909.8928169240669,135.97826086956522,rbc
753.jpg,968.4656084656084,139.9764705882353,968.4656084656084,139.9764705882353,rbc
81.jpg,282.7971163127413,301.83641795981123,282.7971163127413,301.83641795981123,pus
81.jpg,291.58301158301157,345.7723279730406,291.58301158301157,345.7723279730406,pus
81.jpg,763.7992604769947,300.7379862700229,764.9524488215894,300.7379862700229,ep
81.jpg,867.061414092664,273.27804879683924,867.061414092664,273.27804879683924,ep
82.jpg,851.6859716859717,396.29862700228836,851.6859716859717,396.29862700228836,ep
82.jpg,790.1845037001287,344.6739465639302,790.1845037001287,344.6739465639302,ep
82.jpg,762.7284427284427,535.7952280284612,762.7284427284427,535.7952280284612,ep
82.jpg,889.0262025418275,663.1819213587851,889.0262025418275,664.3352746330628,ep
82.jpg,459.61389961389955,302.90733983369387,459.61389961389955,304.06064031325985,pus
82.jpg,446.4350064350065,275.474861895738,446.4350064350065,275.474861895738,pus
88.jpg,618.8588923745174,335.8867444490132,618.8588923745174,335.8867444490132,ep
88.jpg,529.9013634169884,81.05836078285898,529.9013634169884,81.05836078285898,ep
96.jpg,790.1845037001286,626.9622425629291,790.1845037001286,626.9622425629291,pus
96.jpg,812.1492921492921,673.0949656750572,812.1492921492921,673.0949656750572,pus
96.jpg,1115.2638352638353,682.9805491990846,1115.2638352638353,682.9805491990846,pus
96.jpg,1076.8254303410554,630.2574370709382,1076.8254303410554,630.2574370709382,pus
96.jpg,1113.0673865830115,646.733409610984,1113.0673865830115,646.733409610984,pus
96.jpg,1060.3518138674388,669.7997711670481,1060.3518138674388,669.7997711670481,pus
96.jpg,158.69585545366795,602.7975498784325,158.69585545366795,602.7975498784325,pus
96.jpg,123.55212355212355,578.6327566325801,123.55212355212355,578.6327566325801,pus
96.jpg,514.5260215572715,50.30320366132723,514.5260215572715,50.30320366132723,pus
96.jpg,538.6872586872587,25.040054146703376,538.6872586872587,25.040054146703376,pus
